insert into CITIES (ID, NAME, STATE, POST_CODE) values (1, 'Alagoinhas', 'Karanganyar', 1774);
insert into CITIES (ID, NAME, STATE, POST_CODE) values (2, 'Casselman', 'Tarbes', 3757);
insert into CITIES (ID, NAME, STATE, POST_CODE) values (3, 'Newlands', 'Grazhdanka', 9834);
insert into CITIES (ID, NAME, STATE, POST_CODE) values (4, 'Temara', 'Heqiao', 5626);
insert into CITIES (ID, NAME, STATE, POST_CODE) values (5, 'Sagana', 'Sirdaryo', 3706);
insert into CITIES (ID, NAME, STATE, POST_CODE) values (6, 'Cachan', 'Boracéia', 4480);
insert into CITIES (ID, NAME, STATE, POST_CODE) values (7, 'La Condamine', 'Magisterial', 3525);
insert into CITIES (ID, NAME, STATE, POST_CODE) values (8, 'Ōbu', 'Samacá', 2295);
insert into CITIES (ID, NAME, STATE, POST_CODE) values (9, 'Kuala Bhee', 'Meziměstí', 1958);
insert into CITIES (ID, NAME, STATE, POST_CODE) values (10, 'Radvanice', 'Touba', 9980);
insert into CITIES (ID, NAME, STATE, POST_CODE) values (11, 'Puor', 'Citalahab', 9188);
insert into CITIES (ID, NAME, STATE, POST_CODE) values (12, 'Cartagena', 'Taitung City', 5674);
insert into CITIES (ID, NAME, STATE, POST_CODE) values (13, 'Palestina de los Altos', 'Pisaras', 3906);
insert into CITIES (ID, NAME, STATE, POST_CODE) values (14, 'Duyun', 'Santa Teresa', 1927);
insert into CITIES (ID, NAME, STATE, POST_CODE) values (15, 'Citundun', 'Kombissiri', 8922);
insert into CITIES (ID, NAME, STATE, POST_CODE) values (16, 'Cibatuireng', 'Kadudampit', 1648);
insert into CITIES (ID, NAME, STATE, POST_CODE) values (17, 'Madison', 'Ngaruawahia', 7118);
insert into CITIES (ID, NAME, STATE, POST_CODE) values (18, 'San Basilio', 'Töysä', 2131);
insert into CITIES (ID, NAME, STATE, POST_CODE) values (19, 'Hopetown', 'Novi Vinodolski', 7720);
insert into CITIES (ID, NAME, STATE, POST_CODE) values (20, 'Novaya Igirma', 'Oekefan', 8587);
insert into CITIES (ID, NAME, STATE, POST_CODE) values (21, 'Hội An', 'Oceanside', 5302);
insert into CITIES (ID, NAME, STATE, POST_CODE) values (22, 'Ýpsonas', 'São Pedro', 3802);
insert into CITIES (ID, NAME, STATE, POST_CODE) values (23, 'Nouakchott', 'Baoxing', 9750);
insert into CITIES (ID, NAME, STATE, POST_CODE) values (24, 'Dabou', 'Cergy-Pontoise', 4617);
insert into CITIES (ID, NAME, STATE, POST_CODE) values (25, 'Ayotupas', 'Góra Kalwaria', 5002);
insert into CITIES (ID, NAME, STATE, POST_CODE) values (26, 'Lluidas Vale', 'Villa Ascasubi', 7830);
insert into CITIES (ID, NAME, STATE, POST_CODE) values (27, 'Changmaoling', 'Bošovice', 8315);
insert into CITIES (ID, NAME, STATE, POST_CODE) values (28, 'Telnice', 'Bolilao', 7691);
insert into CITIES (ID, NAME, STATE, POST_CODE) values (29, 'Khanabad', 'Pasuruan', 1994);
insert into CITIES (ID, NAME, STATE, POST_CODE) values (30, 'Fažana', 'Ube', 8185);
GO


insert into COMPANIES (ID, UPDATE_COUNTER, NAME, EGFN, CITY_ID, PHONE_NUMBER, EMAIL, DATE_ESTABLISHED) values (1, 0, 'Lazzy', '6918159585', 14, '1111202181', 'adalzell0@wufoo.com', '2023/02/21');
insert into COMPANIES (ID, UPDATE_COUNTER, NAME, EGFN, CITY_ID, PHONE_NUMBER, EMAIL, DATE_ESTABLISHED) values (2, 0, 'Yambee', '4297621223', 21, '2157338761', 'mealles1@woothemes.com', '2023/06/15');
insert into COMPANIES (ID, UPDATE_COUNTER, NAME, EGFN, CITY_ID, PHONE_NUMBER, EMAIL, DATE_ESTABLISHED) values (3, 0, 'Babblestorm', '6911985048', 17, '3403065566', 'ahoudhury2@netlog.com', '2023/03/19');
insert into COMPANIES (ID, UPDATE_COUNTER, NAME, EGFN, CITY_ID, PHONE_NUMBER, EMAIL, DATE_ESTABLISHED) values (4, 0, 'Geba', '3699650936', 24, '4639945567', 'jfalshaw3@google.fr', '2023/07/03');
insert into COMPANIES (ID, UPDATE_COUNTER, NAME, EGFN, CITY_ID, PHONE_NUMBER, EMAIL, DATE_ESTABLISHED) values (5, 0, 'Edgeify', '8764093158', 10, '9613815646', 'glefridge4@hexun.com', '2023/10/11');
insert into COMPANIES (ID, UPDATE_COUNTER, NAME, EGFN, CITY_ID, PHONE_NUMBER, EMAIL, DATE_ESTABLISHED) values (6, 0, 'Kwimbee', '9396110566', 7, '1296290060', 'nwilliam5@bloglines.com', '2023/01/03');
insert into COMPANIES (ID, UPDATE_COUNTER, NAME, EGFN, CITY_ID, PHONE_NUMBER, EMAIL, DATE_ESTABLISHED) values (7, 0, 'Mudo', '8059439235', 14, '4172203300', 'pchristophe6@youtube.com', '2023/10/31');
insert into COMPANIES (ID, UPDATE_COUNTER, NAME, EGFN, CITY_ID, PHONE_NUMBER, EMAIL, DATE_ESTABLISHED) values (8, 0, 'Quimm', '9455879778', 7, '4956335747', 'imcgann7@prweb.com', '2023/11/22');
insert into COMPANIES (ID, UPDATE_COUNTER, NAME, EGFN, CITY_ID, PHONE_NUMBER, EMAIL, DATE_ESTABLISHED) values (9, 0, 'Jamia', '6355208771', 6, '6561965113', 'tmerrett8@canalblog.com', '2023/10/20');
insert into COMPANIES (ID, UPDATE_COUNTER, NAME, EGFN, CITY_ID, PHONE_NUMBER, EMAIL, DATE_ESTABLISHED) values (10, 0, 'Mynte', '9022461645', 9, '2174338343', 'pcheke9@github.com', '2023/08/16');
insert into COMPANIES (ID, UPDATE_COUNTER, NAME, EGFN, CITY_ID, PHONE_NUMBER, EMAIL, DATE_ESTABLISHED) values (11, 0, 'Riffpath', '7392692453', 25, '3416515873', 'mgoldsberrya@desdev.cn', '2023/02/02');
insert into COMPANIES (ID, UPDATE_COUNTER, NAME, EGFN, CITY_ID, PHONE_NUMBER, EMAIL, DATE_ESTABLISHED) values (12, 0, 'Mydo', '1299671454', 15, '1409941113', 'mdenecampb@ameblo.jp', '2023/03/04');
insert into COMPANIES (ID, UPDATE_COUNTER, NAME, EGFN, CITY_ID, PHONE_NUMBER, EMAIL, DATE_ESTABLISHED) values (13, 0, 'Brainbox', '9726617502', 20, '4172595177', 'jhaysomc@about.me', '2023/05/16');
insert into COMPANIES (ID, UPDATE_COUNTER, NAME, EGFN, CITY_ID, PHONE_NUMBER, EMAIL, DATE_ESTABLISHED) values (14, 0, 'Gabtype', '5578355080', 16, '6107513677', 'acostaind@businessinsider.com', '2023/04/19');
insert into COMPANIES (ID, UPDATE_COUNTER, NAME, EGFN, CITY_ID, PHONE_NUMBER, EMAIL, DATE_ESTABLISHED) values (15, 0, 'Fiveclub', '3995193463', 16, '3903793303', 'dfeavere@google.fr', '2023/03/18');
insert into COMPANIES (ID, UPDATE_COUNTER, NAME, EGFN, CITY_ID, PHONE_NUMBER, EMAIL, DATE_ESTABLISHED) values (16, 0, 'Plajo', '8275479932', 2, '6884947459', 'cbailessf@pen.io', '2023/02/10');
insert into COMPANIES (ID, UPDATE_COUNTER, NAME, EGFN, CITY_ID, PHONE_NUMBER, EMAIL, DATE_ESTABLISHED) values (17, 0, 'Skyble', '1779544863', 14, '8239130129', 'nlamprechtg@wiley.com', '2023/05/10');
insert into COMPANIES (ID, UPDATE_COUNTER, NAME, EGFN, CITY_ID, PHONE_NUMBER, EMAIL, DATE_ESTABLISHED) values (18, 0, 'Mydo', '9379855419', 29, '7023278643', 'rstrangeh@opera.com', '2023/09/15');
insert into COMPANIES (ID, UPDATE_COUNTER, NAME, EGFN, CITY_ID, PHONE_NUMBER, EMAIL, DATE_ESTABLISHED) values (19, 0, 'Twitterwire', '9578707924', 22, '9518857382', 'acaudlei@is.gd', '2023/07/12');
insert into COMPANIES (ID, UPDATE_COUNTER, NAME, EGFN, CITY_ID, PHONE_NUMBER, EMAIL, DATE_ESTABLISHED) values (20, 0, 'Meeveo', '7439804864', 4, '5276097172', 'rswalwellj@hp.com', '2023/07/20');
insert into COMPANIES (ID, UPDATE_COUNTER, NAME, EGFN, CITY_ID, PHONE_NUMBER, EMAIL, DATE_ESTABLISHED) values (21, 0, 'Realcube', '9640367575', 4, '8334430547', 'cmulberyk@tiny.cc', '2023/02/09');
insert into COMPANIES (ID, UPDATE_COUNTER, NAME, EGFN, CITY_ID, PHONE_NUMBER, EMAIL, DATE_ESTABLISHED) values (22, 0, 'Eabox', '8449121620', 1, '5624205090', 'mguntripl@google.cn', '2023/03/05');
insert into COMPANIES (ID, UPDATE_COUNTER, NAME, EGFN, CITY_ID, PHONE_NUMBER, EMAIL, DATE_ESTABLISHED) values (23, 0, 'Demizz', '1960914669', 2, '5153186538', 'clinnem@bloglovin.com', '2023/11/05');
insert into COMPANIES (ID, UPDATE_COUNTER, NAME, EGFN, CITY_ID, PHONE_NUMBER, EMAIL, DATE_ESTABLISHED) values (24, 0, 'Vidoo', '4931111327', 4, '3055022723', 'rsiveyern@nps.gov', '2023/09/19');
insert into COMPANIES (ID, UPDATE_COUNTER, NAME, EGFN, CITY_ID, PHONE_NUMBER, EMAIL, DATE_ESTABLISHED) values (25, 0, 'Teklist', '5986434676', 25, '7006474797', 'aabraharto@altervista.org', '2023/09/24');
insert into COMPANIES (ID, UPDATE_COUNTER, NAME, EGFN, CITY_ID, PHONE_NUMBER, EMAIL, DATE_ESTABLISHED) values (26, 0, 'Oyope', '4304974793', 8, '7954878689', 'pvittelp@google.ru', '2023/01/25');
insert into COMPANIES (ID, UPDATE_COUNTER, NAME, EGFN, CITY_ID, PHONE_NUMBER, EMAIL, DATE_ESTABLISHED) values (27, 0, 'Wikido', '0987822543', 19, '2509918289', 'hhansomq@soundcloud.com', '2023/04/26');
insert into COMPANIES (ID, UPDATE_COUNTER, NAME, EGFN, CITY_ID, PHONE_NUMBER, EMAIL, DATE_ESTABLISHED) values (28, 0, 'Devshare', '4460888904', 13, '1076420728', 'medgeonr@google.ru', '2023/10/10');
insert into COMPANIES (ID, UPDATE_COUNTER, NAME, EGFN, CITY_ID, PHONE_NUMBER, EMAIL, DATE_ESTABLISHED) values (29, 0, 'Cogidoo', '8417835547', 10, '6158072577', 'apotterys@networkadvertising.org', '2023/12/11');
insert into COMPANIES (ID, UPDATE_COUNTER, NAME, EGFN, CITY_ID, PHONE_NUMBER, EMAIL, DATE_ESTABLISHED) values (30, 0, 'Browsezoom', '7683730777', 24, '2785476880', 'brostont@cbc.ca', '2023/07/17');

EXEC SP_REINIT_COUNTER 'COMPANIES', 30

insert into OFFICES (ID, UPDATE_COUNTER, NAME, COMPANY_ID, CITY_ID, ADDRESS, DATE_ESTABLISHED) values (1, 0, 'Yodoo', 25, 14, '3 Marquette Trail', '2023/09/15');
insert into OFFICES (ID, UPDATE_COUNTER, NAME, COMPANY_ID, CITY_ID, ADDRESS, DATE_ESTABLISHED) values (2, 0, 'Thoughtsphere', 10, 9, '6063 Holy Cross Pass', '2023/12/26');
insert into OFFICES (ID, UPDATE_COUNTER, NAME, COMPANY_ID, CITY_ID, ADDRESS, DATE_ESTABLISHED) values (3, 0, 'Skippad', 9, 20, '4132 Banding Plaza', '2023/11/09');
insert into OFFICES (ID, UPDATE_COUNTER, NAME, COMPANY_ID, CITY_ID, ADDRESS, DATE_ESTABLISHED) values (4, 0, 'Linklinks', 7, 20, '8 Southridge Hill', '2023/11/23');
insert into OFFICES (ID, UPDATE_COUNTER, NAME, COMPANY_ID, CITY_ID, ADDRESS, DATE_ESTABLISHED) values (5, 0, 'Fiveclub', 22, 13, '5473 Fulton Plaza', '2023/12/11');
insert into OFFICES (ID, UPDATE_COUNTER, NAME, COMPANY_ID, CITY_ID, ADDRESS, DATE_ESTABLISHED) values (6, 0, 'Zoomzone', 16, 30, '0521 Clemons Trail', '2023/06/16');
insert into OFFICES (ID, UPDATE_COUNTER, NAME, COMPANY_ID, CITY_ID, ADDRESS, DATE_ESTABLISHED) values (7, 0, 'Zoonder', 17, 21, '91 7th Park', '2023/10/19');
insert into OFFICES (ID, UPDATE_COUNTER, NAME, COMPANY_ID, CITY_ID, ADDRESS, DATE_ESTABLISHED) values (8, 0, 'Shufflester', 19, 24, '17508 Leroy Trail', '2023/02/12');
insert into OFFICES (ID, UPDATE_COUNTER, NAME, COMPANY_ID, CITY_ID, ADDRESS, DATE_ESTABLISHED) values (9, 0, 'Vidoo', 20, 28, '6 Eagan Road', '2023/12/24');
insert into OFFICES (ID, UPDATE_COUNTER, NAME, COMPANY_ID, CITY_ID, ADDRESS, DATE_ESTABLISHED) values (10, 0, 'Zoombeat', 21, 27, '847 Village Green Crossing', '2023/03/26');
insert into OFFICES (ID, UPDATE_COUNTER, NAME, COMPANY_ID, CITY_ID, ADDRESS, DATE_ESTABLISHED) values (11, 0, 'Realmix', 4, 30, '91 Saint Paul Road', '2023/04/23');
insert into OFFICES (ID, UPDATE_COUNTER, NAME, COMPANY_ID, CITY_ID, ADDRESS, DATE_ESTABLISHED) values (12, 0, 'Mydo', 10, 10, '86 Declaration Crossing', '2023/04/08');
insert into OFFICES (ID, UPDATE_COUNTER, NAME, COMPANY_ID, CITY_ID, ADDRESS, DATE_ESTABLISHED) values (13, 0, 'Photobug', 3, 6, '2469 Tomscot Trail', '2023/02/06');
insert into OFFICES (ID, UPDATE_COUNTER, NAME, COMPANY_ID, CITY_ID, ADDRESS, DATE_ESTABLISHED) values (14, 0, 'Ntag', 6, 2, '96323 Veith Way', '2023/07/05');
insert into OFFICES (ID, UPDATE_COUNTER, NAME, COMPANY_ID, CITY_ID, ADDRESS, DATE_ESTABLISHED) values (15, 0, 'Tanoodle', 28, 21, '7 Village Junction', '2023/08/11');
insert into OFFICES (ID, UPDATE_COUNTER, NAME, COMPANY_ID, CITY_ID, ADDRESS, DATE_ESTABLISHED) values (16, 0, 'Edgeify', 30, 11, '150 Debs Avenue', '2023/01/06');
insert into OFFICES (ID, UPDATE_COUNTER, NAME, COMPANY_ID, CITY_ID, ADDRESS, DATE_ESTABLISHED) values (17, 0, 'Meembee', 16, 26, '4 Hintze Alley', '2023/12/21');
insert into OFFICES (ID, UPDATE_COUNTER, NAME, COMPANY_ID, CITY_ID, ADDRESS, DATE_ESTABLISHED) values (18, 0, 'Miboo', 26, 18, '1670 Graceland Parkway', '2023/04/14');
insert into OFFICES (ID, UPDATE_COUNTER, NAME, COMPANY_ID, CITY_ID, ADDRESS, DATE_ESTABLISHED) values (19, 0, 'Babblestorm', 1, 7, '277 Kings Center', '2023/05/12');
insert into OFFICES (ID, UPDATE_COUNTER, NAME, COMPANY_ID, CITY_ID, ADDRESS, DATE_ESTABLISHED) values (20, 0, 'Topicware', 19, 22, '36295 Westend Center', '2023/04/28');
insert into OFFICES (ID, UPDATE_COUNTER, NAME, COMPANY_ID, CITY_ID, ADDRESS, DATE_ESTABLISHED) values (21, 0, 'Browseblab', 7, 2, '4 Anhalt Street', '2023/06/02');
insert into OFFICES (ID, UPDATE_COUNTER, NAME, COMPANY_ID, CITY_ID, ADDRESS, DATE_ESTABLISHED) values (22, 0, 'Dabtype', 17, 5, '389 Petterle Point', '2023/03/05');
insert into OFFICES (ID, UPDATE_COUNTER, NAME, COMPANY_ID, CITY_ID, ADDRESS, DATE_ESTABLISHED) values (23, 0, 'Twitterlist', 22, 11, '2967 Bay Park', '2023/01/12');
insert into OFFICES (ID, UPDATE_COUNTER, NAME, COMPANY_ID, CITY_ID, ADDRESS, DATE_ESTABLISHED) values (24, 0, 'Trunyx', 1, 24, '0441 Waxwing Place', '2023/08/25');
insert into OFFICES (ID, UPDATE_COUNTER, NAME, COMPANY_ID, CITY_ID, ADDRESS, DATE_ESTABLISHED) values (25, 0, 'Yodoo', 2, 26, '2 Summit Avenue', '2023/11/18');
insert into OFFICES (ID, UPDATE_COUNTER, NAME, COMPANY_ID, CITY_ID, ADDRESS, DATE_ESTABLISHED) values (26, 0, 'Eare', 13, 24, '90950 Elgar Alley', '2023/05/11');
insert into OFFICES (ID, UPDATE_COUNTER, NAME, COMPANY_ID, CITY_ID, ADDRESS, DATE_ESTABLISHED) values (27, 0, 'Eadel', 9, 7, '8900 8th Alley', '2023/09/06');
insert into OFFICES (ID, UPDATE_COUNTER, NAME, COMPANY_ID, CITY_ID, ADDRESS, DATE_ESTABLISHED) values (28, 0, 'Oyondu', 20, 8, '5307 Elgar Drive', '2023/10/09');
insert into OFFICES (ID, UPDATE_COUNTER, NAME, COMPANY_ID, CITY_ID, ADDRESS, DATE_ESTABLISHED) values (29, 0, 'Oloo', 28, 7, '312 Grayhawk Lane', '2023/09/18');
insert into OFFICES (ID, UPDATE_COUNTER, NAME, COMPANY_ID, CITY_ID, ADDRESS, DATE_ESTABLISHED) values (30, 0, 'Skalith', 22, 4, '64 Towne Plaza', '2023/10/14');

EXEC SP_REINIT_COUNTER 'OFFICES', 30


insert into USERS (ID, UPDATE_COUNTER, USERNAME, PASSWORD, ACCESS_ID) values (2, 0, 'emp1',  N'$argon2id$v=19$m=15360,t=2,p=1$G5MEkc5OYGVr3DrWV2Sb/ilIL/s99G5QLwvsPIkoTcmteXxxYHxqf6Mvf2mSCcCPZ2exMLQaue5eZephcrVCUg$EemxjQVhVEja/jUiq73UWlbrD5UZZRzZmHCMu80qxmc', 1);
insert into USERS (ID, UPDATE_COUNTER, USERNAME, PASSWORD, ACCESS_ID) values (3, 0, 'emp2',  N'$argon2id$v=19$m=15360,t=2,p=1$G5MEkc5OYGVr3DrWV2Sb/ilIL/s99G5QLwvsPIkoTcmteXxxYHxqf6Mvf2mSCcCPZ2exMLQaue5eZephcrVCUg$EemxjQVhVEja/jUiq73UWlbrD5UZZRzZmHCMu80qxmc', 1);
insert into USERS (ID, UPDATE_COUNTER, USERNAME, PASSWORD, ACCESS_ID) values (4, 0, 'emp3',  N'$argon2id$v=19$m=15360,t=2,p=1$G5MEkc5OYGVr3DrWV2Sb/ilIL/s99G5QLwvsPIkoTcmteXxxYHxqf6Mvf2mSCcCPZ2exMLQaue5eZephcrVCUg$EemxjQVhVEja/jUiq73UWlbrD5UZZRzZmHCMu80qxmc', 1);
insert into USERS (ID, UPDATE_COUNTER, USERNAME, PASSWORD, ACCESS_ID) values (5, 0, 'emp4',  N'$argon2id$v=19$m=15360,t=2,p=1$G5MEkc5OYGVr3DrWV2Sb/ilIL/s99G5QLwvsPIkoTcmteXxxYHxqf6Mvf2mSCcCPZ2exMLQaue5eZephcrVCUg$EemxjQVhVEja/jUiq73UWlbrD5UZZRzZmHCMu80qxmc', 1);
insert into USERS (ID, UPDATE_COUNTER, USERNAME, PASSWORD, ACCESS_ID) values (6, 0, 'emp5',  N'$argon2id$v=19$m=15360,t=2,p=1$G5MEkc5OYGVr3DrWV2Sb/ilIL/s99G5QLwvsPIkoTcmteXxxYHxqf6Mvf2mSCcCPZ2exMLQaue5eZephcrVCUg$EemxjQVhVEja/jUiq73UWlbrD5UZZRzZmHCMu80qxmc', 1);
insert into USERS (ID, UPDATE_COUNTER, USERNAME, PASSWORD, ACCESS_ID) values (7, 0, 'emp6',  N'$argon2id$v=19$m=15360,t=2,p=1$G5MEkc5OYGVr3DrWV2Sb/ilIL/s99G5QLwvsPIkoTcmteXxxYHxqf6Mvf2mSCcCPZ2exMLQaue5eZephcrVCUg$EemxjQVhVEja/jUiq73UWlbrD5UZZRzZmHCMu80qxmc', 1);
insert into USERS (ID, UPDATE_COUNTER, USERNAME, PASSWORD, ACCESS_ID) values (8, 0, 'emp7',  N'$argon2id$v=19$m=15360,t=2,p=1$G5MEkc5OYGVr3DrWV2Sb/ilIL/s99G5QLwvsPIkoTcmteXxxYHxqf6Mvf2mSCcCPZ2exMLQaue5eZephcrVCUg$EemxjQVhVEja/jUiq73UWlbrD5UZZRzZmHCMu80qxmc', 1);
insert into USERS (ID, UPDATE_COUNTER, USERNAME, PASSWORD, ACCESS_ID) values (9, 0, 'emp8',  N'$argon2id$v=19$m=15360,t=2,p=1$G5MEkc5OYGVr3DrWV2Sb/ilIL/s99G5QLwvsPIkoTcmteXxxYHxqf6Mvf2mSCcCPZ2exMLQaue5eZephcrVCUg$EemxjQVhVEja/jUiq73UWlbrD5UZZRzZmHCMu80qxmc', 1);
insert into USERS (ID, UPDATE_COUNTER, USERNAME, PASSWORD, ACCESS_ID) values (10, 0, 'emp9', N'$argon2id$v=19$m=15360,t=2,p=1$G5MEkc5OYGVr3DrWV2Sb/ilIL/s99G5QLwvsPIkoTcmteXxxYHxqf6Mvf2mSCcCPZ2exMLQaue5eZephcrVCUg$EemxjQVhVEja/jUiq73UWlbrD5UZZRzZmHCMu80qxmc', 1);
insert into USERS (ID, UPDATE_COUNTER, USERNAME, PASSWORD, ACCESS_ID) values (11, 0,'emp10', N'$argon2id$v=19$m=15360,t=2,p=1$G5MEkc5OYGVr3DrWV2Sb/ilIL/s99G5QLwvsPIkoTcmteXxxYHxqf6Mvf2mSCcCPZ2exMLQaue5eZephcrVCUg$EemxjQVhVEja/jUiq73UWlbrD5UZZRzZmHCMu80qxmc', 1);

EXEC SP_REINIT_COUNTER 'USERS', 11

insert into EMPLOYEES (ID, UPDATE_COUNTER, FIRST_NAME, MIDDLE_NAME, LAST_NAME, UCN, DATE_OF_BIRTH, GENDER, TELEPHONE_NUMBER, EMAIL, USER_ID, CITY_ID, COMPANY_ID) values (1, 0, 'Sholom', 'Cottier', 'Haley', '7518521725', '1994/10/25', 0, '9358257574', 'shaley0@dion.ne.jp', 2, 2, 10);
insert into EMPLOYEES (ID, UPDATE_COUNTER, FIRST_NAME, MIDDLE_NAME, LAST_NAME, UCN, DATE_OF_BIRTH, GENDER, TELEPHONE_NUMBER, EMAIL, USER_ID, CITY_ID, COMPANY_ID) values (2, 0, 'Corrianne', 'Riveles', 'Kellitt', '9118890768', '1997/07/16', 1, '3968641634', 'ckellitt1@odnoklassniki.ru', 3, 3, 11);
insert into EMPLOYEES (ID, UPDATE_COUNTER, FIRST_NAME, MIDDLE_NAME, LAST_NAME, UCN, DATE_OF_BIRTH, GENDER, TELEPHONE_NUMBER, EMAIL, USER_ID, CITY_ID, COMPANY_ID) values (3, 0, 'Simeon', 'Wall', 'Birtwell', '4490718357', '1998/05/08', 0, '3486367207', 'sbirtwell2@joomla.org', 4, 6, 26);
insert into EMPLOYEES (ID, UPDATE_COUNTER, FIRST_NAME, MIDDLE_NAME, LAST_NAME, UCN, DATE_OF_BIRTH, GENDER, TELEPHONE_NUMBER, EMAIL, USER_ID, CITY_ID, COMPANY_ID) values (4, 0, 'Berget', 'Gowrie', 'McDermid', '3570763072', '2002/11/07', 0, '8621127105', 'bmcdermid3@youku.com', 5, 4, 12);
insert into EMPLOYEES (ID, UPDATE_COUNTER, FIRST_NAME, MIDDLE_NAME, LAST_NAME, UCN, DATE_OF_BIRTH, GENDER, TELEPHONE_NUMBER, EMAIL, USER_ID, CITY_ID, COMPANY_ID) values (5, 0, 'Derick', 'Madgett', 'Paradis', '4738348833', '2005/04/01', 0, '7436339463', 'dparadis4@a8.net', 6, 2, 9);
insert into EMPLOYEES (ID, UPDATE_COUNTER, FIRST_NAME, MIDDLE_NAME, LAST_NAME, UCN, DATE_OF_BIRTH, GENDER, TELEPHONE_NUMBER, EMAIL, USER_ID, CITY_ID, COMPANY_ID) values (6, 0, 'Jenifer', 'Bogie', 'Standbrook', '0303056797', '2001/07/12', 0, '6722487899', 'jstandbrook5@gravatar.com', 7, 6, 16);
insert into EMPLOYEES (ID, UPDATE_COUNTER, FIRST_NAME, MIDDLE_NAME, LAST_NAME, UCN, DATE_OF_BIRTH, GENDER, TELEPHONE_NUMBER, EMAIL, USER_ID, CITY_ID, COMPANY_ID) values (7, 0, 'Ellerey', 'Jojic', 'Faustian', '6259564341', '2019/05/19', 0, '7371071273', 'efaustian6@yellowpages.com', 8, 8, 25);
insert into EMPLOYEES (ID, UPDATE_COUNTER, FIRST_NAME, MIDDLE_NAME, LAST_NAME, UCN, DATE_OF_BIRTH, GENDER, TELEPHONE_NUMBER, EMAIL, USER_ID, CITY_ID, COMPANY_ID) values (8, 0, 'Marlow', 'Wickman', 'Jerratsch', '5283196305', '1991/01/09', 1, '8421881810', 'mjerratsch7@cnbc.com', 9, 6, 27);
insert into EMPLOYEES (ID, UPDATE_COUNTER, FIRST_NAME, MIDDLE_NAME, LAST_NAME, UCN, DATE_OF_BIRTH, GENDER, TELEPHONE_NUMBER, EMAIL, USER_ID, CITY_ID, COMPANY_ID) values (9, 0, 'Philipa', 'Beynke', 'Keenlayside', '2545226831', '2014/10/20', 0, '1738188387', 'pkeenlayside8@people.com.cn', 10, 8, 23);
insert into EMPLOYEES (ID, UPDATE_COUNTER, FIRST_NAME, MIDDLE_NAME, LAST_NAME, UCN, DATE_OF_BIRTH, GENDER, TELEPHONE_NUMBER, EMAIL, USER_ID, CITY_ID, COMPANY_ID) values (10, 0, 'Ollie', 'Bullus', 'Heardman', '3360878132', '1996/04/12', 0, '8429285320', 'oheardman9@admin.ch', 11, 1, 27);

EXEC SP_REINIT_COUNTER 'EMPLOYEES', 10

insert into USERS (ID, UPDATE_COUNTER, USERNAME, PASSWORD, ACCESS_ID) values (12, 0, 'usr1',  N'$argon2id$v=19$m=15360,t=2,p=1$G5MEkc5OYGVr3DrWV2Sb/ilIL/s99G5QLwvsPIkoTcmteXxxYHxqf6Mvf2mSCcCPZ2exMLQaue5eZephcrVCUg$EemxjQVhVEja/jUiq73UWlbrD5UZZRzZmHCMu80qxmc', 2);
insert into USERS (ID, UPDATE_COUNTER, USERNAME, PASSWORD, ACCESS_ID) values (13, 0, 'usr2',  N'$argon2id$v=19$m=15360,t=2,p=1$G5MEkc5OYGVr3DrWV2Sb/ilIL/s99G5QLwvsPIkoTcmteXxxYHxqf6Mvf2mSCcCPZ2exMLQaue5eZephcrVCUg$EemxjQVhVEja/jUiq73UWlbrD5UZZRzZmHCMu80qxmc',  2);
insert into USERS (ID, UPDATE_COUNTER, USERNAME, PASSWORD, ACCESS_ID) values (14, 0, 'usr3',  N'$argon2id$v=19$m=15360,t=2,p=1$G5MEkc5OYGVr3DrWV2Sb/ilIL/s99G5QLwvsPIkoTcmteXxxYHxqf6Mvf2mSCcCPZ2exMLQaue5eZephcrVCUg$EemxjQVhVEja/jUiq73UWlbrD5UZZRzZmHCMu80qxmc',  2);
insert into USERS (ID, UPDATE_COUNTER, USERNAME, PASSWORD, ACCESS_ID) values (15, 0, 'usr4',  N'$argon2id$v=19$m=15360,t=2,p=1$G5MEkc5OYGVr3DrWV2Sb/ilIL/s99G5QLwvsPIkoTcmteXxxYHxqf6Mvf2mSCcCPZ2exMLQaue5eZephcrVCUg$EemxjQVhVEja/jUiq73UWlbrD5UZZRzZmHCMu80qxmc',  2);
insert into USERS (ID, UPDATE_COUNTER, USERNAME, PASSWORD, ACCESS_ID) values (16, 0, 'usr5',  N'$argon2id$v=19$m=15360,t=2,p=1$G5MEkc5OYGVr3DrWV2Sb/ilIL/s99G5QLwvsPIkoTcmteXxxYHxqf6Mvf2mSCcCPZ2exMLQaue5eZephcrVCUg$EemxjQVhVEja/jUiq73UWlbrD5UZZRzZmHCMu80qxmc',  2)
insert into USERS (ID, UPDATE_COUNTER, USERNAME, PASSWORD, ACCESS_ID) values (17, 0, 'usr6',  N'$argon2id$v=19$m=15360,t=2,p=1$G5MEkc5OYGVr3DrWV2Sb/ilIL/s99G5QLwvsPIkoTcmteXxxYHxqf6Mvf2mSCcCPZ2exMLQaue5eZephcrVCUg$EemxjQVhVEja/jUiq73UWlbrD5UZZRzZmHCMu80qxmc',  2)
insert into USERS (ID, UPDATE_COUNTER, USERNAME, PASSWORD, ACCESS_ID) values (18, 0, 'usr7',  N'$argon2id$v=19$m=15360,t=2,p=1$G5MEkc5OYGVr3DrWV2Sb/ilIL/s99G5QLwvsPIkoTcmteXxxYHxqf6Mvf2mSCcCPZ2exMLQaue5eZephcrVCUg$EemxjQVhVEja/jUiq73UWlbrD5UZZRzZmHCMu80qxmc',  2)
insert into USERS (ID, UPDATE_COUNTER, USERNAME, PASSWORD, ACCESS_ID) values (19, 0, 'us8',  N'$argon2id$v=19$m=15360,t=2,p=1$G5MEkc5OYGVr3DrWV2Sb/ilIL/s99G5QLwvsPIkoTcmteXxxYHxqf6Mvf2mSCcCPZ2exMLQaue5eZephcrVCUg$EemxjQVhVEja/jUiq73UWlbrD5UZZRzZmHCMu80qxmc',   2)
insert into USERS (ID, UPDATE_COUNTER, USERNAME, PASSWORD, ACCESS_ID) values (20, 0, 'usr9', N'$argon2id$v=19$m=15360,t=2,p=1$G5MEkc5OYGVr3DrWV2Sb/ilIL/s99G5QLwvsPIkoTcmteXxxYHxqf6Mvf2mSCcCPZ2exMLQaue5eZephcrVCUg$EemxjQVhVEja/jUiq73UWlbrD5UZZRzZmHCMu80qxmc',  2);
insert into USERS (ID, UPDATE_COUNTER, USERNAME, PASSWORD, ACCESS_ID) values (21, 0,'usr10', N'$argon2id$v=19$m=15360,t=2,p=1$G5MEkc5OYGVr3DrWV2Sb/ilIL/s99G5QLwvsPIkoTcmteXxxYHxqf6Mvf2mSCcCPZ2exMLQaue5eZephcrVCUg$EemxjQVhVEja/jUiq73UWlbrD5UZZRzZmHCMu80qxmc',  2);

EXEC SP_REINIT_COUNTER 'USERS', 21


insert into CLIENTS (ID, UPDATE_COUNTER, FIRST_NAME, MIDDLE_NAME, LAST_NAME, UCN, COMPANY_ID, USER_ID, PHONE_NUMBER, ADDRESS) values (1, 0, 'Augy', 'Chauvey', 'Lilford', '8015354579', 10, 11, '7452240737', '58 Badeau Lane');
insert into CLIENTS (ID, UPDATE_COUNTER, FIRST_NAME, MIDDLE_NAME, LAST_NAME, UCN, COMPANY_ID, USER_ID, PHONE_NUMBER, ADDRESS) values (2, 0, 'Curran', 'Wildman', 'Sutheran', '4954183170', 5, 12, '4519681019', '5 Oak Valley Trail');
insert into CLIENTS (ID, UPDATE_COUNTER, FIRST_NAME, MIDDLE_NAME, LAST_NAME, UCN, COMPANY_ID, USER_ID, PHONE_NUMBER, ADDRESS) values (3, 0, 'Ginni', 'Stapleton', 'Robertis', '9905070222', 5, 13, '4618703717', '61050 Marcy Pass');
insert into CLIENTS (ID, UPDATE_COUNTER, FIRST_NAME, MIDDLE_NAME, LAST_NAME, UCN, COMPANY_ID, USER_ID, PHONE_NUMBER, ADDRESS) values (4, 0, 'Larry', 'Hatchette', 'Molan', '0401416275', 17, 14, '3277022983', '6124 Oxford Junction');
insert into CLIENTS (ID, UPDATE_COUNTER, FIRST_NAME, MIDDLE_NAME, LAST_NAME, UCN, COMPANY_ID, USER_ID, PHONE_NUMBER, ADDRESS) values (5, 0, 'Burt', 'Chaffer', 'Copley', '6068577988', 19, 15, '7801349072', '0833 Del Mar Junction');
insert into CLIENTS (ID, UPDATE_COUNTER, FIRST_NAME, MIDDLE_NAME, LAST_NAME, UCN, COMPANY_ID, USER_ID, PHONE_NUMBER, ADDRESS) values (6, 0, 'Ferdinande', 'Decent', 'Salmond', '1024164543', 10, 16, '8063280857', '7 Hoard Drive');
insert into CLIENTS (ID, UPDATE_COUNTER, FIRST_NAME, MIDDLE_NAME, LAST_NAME, UCN, COMPANY_ID, USER_ID, PHONE_NUMBER, ADDRESS) values (7, 0, 'Marrilee', 'Hehir', 'Laity', '8890811137', 20, 17, '9736079649', '12 School Junction');
insert into CLIENTS (ID, UPDATE_COUNTER, FIRST_NAME, MIDDLE_NAME, LAST_NAME, UCN, COMPANY_ID, USER_ID, PHONE_NUMBER, ADDRESS) values (8, 0, 'Brynn', 'Bould', 'Bollans', '5012882687', 17, 18, '5488346009', '53 Hoard Circle');
insert into CLIENTS (ID, UPDATE_COUNTER, FIRST_NAME, MIDDLE_NAME, LAST_NAME, UCN, COMPANY_ID, USER_ID, PHONE_NUMBER, ADDRESS) values (9, 0, 'Fairlie', 'Player', 'Lathwood', '7647779834', 20, 19, '1178694295', '06 Eastlawn Circle');
insert into CLIENTS (ID, UPDATE_COUNTER, FIRST_NAME, MIDDLE_NAME, LAST_NAME, UCN, COMPANY_ID, USER_ID, PHONE_NUMBER, ADDRESS) values (10, 0, 'Latisha', 'Ramsbotham', 'Pashby', '1165862808', 3, 20, '4631070082', '1859 Blaine Place');


EXEC SP_REINIT_COUNTER 'CLIENTS', 10